{"mean": [64.93076560992064, 12.13140894121179, 14.323156092272274, 2.191747151060485, 65.29685749877427, 2.1759910002145526], "std": [3.977043717592387, 8.007742292743877, 7.969448800261812, 0.8240951652377089, 3.7068749807558, 0.8095085206688097]}