{"mean": [64.9481322918975, 2.2019301135329545], "std": [3.970525941343419, 0.8252242151263912]}