{"mean": [64.94096588050803, 13.189248565056458, 2.203695508830731], "std": [3.979879869872558, 8.603012976330293, 0.8273676777465522]}