{"mean": [62.87418005890734, 13.193772412327649, 2.212721209560549], "std": [12.067737878849732, 8.596659438765494, 0.8756050488122427]}