{"mean": [64.9481322918975, 13.189822926970797, 2.2019301135329545], "std": [3.970525941343419, 8.604535023446097, 0.8252242151263912]}